{
  "model_name": "mitm_autoencoder_heldout",
  "trained_at": "2026-04-28T20:04:04.279881",
  "threshold": 0.35587423839297405,
  "n_samples": 12065,
  "accuracy": 0.5060920016576875,
  "precision": 0.0,
  "recall": 0.0,
  "f1": 0.0,
  "roc_auc": NaN,
  "pr_auc": 0.0,
  "false_positive_rate": 0.49390799834231247,
  "false_negative_rate": 0.0,
  "confusion_matrix": {
    "tn": 6106,
    "fp": 5959,
    "fn": 0,
    "tp": 0
  },
  "classification_report": {
    "0": {
      "precision": 1.0,
      "recall": 0.5060920016576875,
      "f1-score": 0.6720598756259974,
      "support": 12065.0
    },
    "1": {
      "precision": 0.0,
      "recall": 0.0,
      "f1-score": 0.0,
      "support": 0.0
    },
    "accuracy": 0.5060920016576875,
    "macro avg": {
      "precision": 0.5,
      "recall": 0.25304600082884376,
      "f1-score": 0.3360299378129987,
      "support": 12065.0
    },
    "weighted avg": {
      "precision": 1.0,
      "recall": 0.5060920016576875,
      "f1-score": 0.6720598756259974,
      "support": 12065.0
    }
  },
  "dataset": "IoTID20",
  "split": "30% held-out test"
}