{
  "model_name": "rf_model",
  "trained_at": "2026-04-28T20:21:36.127738",
  "threshold": 0.5172413793103449,
  "n_samples": 12213,
  "accuracy": 0.9050192417915336,
  "precision": 0.9516998827667057,
  "recall": 0.8096947935368043,
  "f1": 0.8749730545376159,
  "roc_auc": 0.9767734723053394,
  "pr_auc": 0.9651047734220312,
  "false_positive_rate": 0.02861111111111111,
  "false_negative_rate": 0.19030520646319568,
  "confusion_matrix": {
    "tn": 6994,
    "fp": 206,
    "fn": 954,
    "tp": 4059
  },
  "classification_report": {
    "0": {
      "precision": 0.8799698037242073,
      "recall": 0.9713888888888889,
      "f1-score": 0.9234222339582783,
      "support": 7200.0
    },
    "1": {
      "precision": 0.9516998827667057,
      "recall": 0.8096947935368043,
      "f1-score": 0.8749730545376159,
      "support": 5013.0
    },
    "accuracy": 0.9050192417915336,
    "macro avg": {
      "precision": 0.9158348432454565,
      "recall": 0.8905418412128465,
      "f1-score": 0.899197644247947,
      "support": 12213.0
    },
    "weighted avg": {
      "precision": 0.9094124374947833,
      "recall": 0.9050192417915336,
      "f1-score": 0.9035355774090454,
      "support": 12213.0
    }
  },
  "top_features": {
    "full_request_length": 0.165044714477999,
    "digit_ratio": 0.13718560697419965,
    "digit_count": 0.10322773166539548,
    "dot_count": 0.0763174878133341,
    "slash_count": 0.06390321753948867,
    "url_length": 0.06096985558106959,
    "equals_count": 0.05359828814932343,
    "path_depth": 0.04453424066328247,
    "special_char_ratio": 0.043794467630855614,
    "special_char_count": 0.042236097224055205,
    "payload_entropy": 0.041439327639415144,
    "query_length": 0.0394426875913177,
    "query_entropy": 0.03642354291833114,
    "payload_length": 0.03637866494217455,
    "ampersand_count": 0.02166346233246374,
    "method_POST": 0.007706428625157579,
    "method_PUT": 0.0065334978629378775,
    "method_GET": 0.006518884871022514,
    "sql_pattern_hits": 0.005234463882720578,
    "param_count": 0.005179035394564019
  }
}